name,category
4466.png,1
4467.png,6
4468.png,16
4469.png,6
4470.png,6
4471.png,10
4472.png,6
4473.png,10
4474.png,7
4475.png,1
4476.png,15
4477.png,14
4478.png,2
4479.png,16
4480.png,6
4481.png,3
4482.png,9
4483.png,8
4484.png,13
4485.png,7
4486.png,8
4487.png,13
4488.png,7
4489.png,3
4490.png,12
4491.png,9
4492.png,16
4493.png,6
4494.png,2
4495.png,5
4496.png,14
4497.png,15
4498.png,4
4499.png,10
4500.png,3
4501.png,11
4502.png,10
4503.png,15
4504.png,14
4505.png,4
4506.png,2
4507.png,5
4508.png,16
4509.png,1
4510.png,8
4511.png,11
4512.png,3
4513.png,3
4514.png,8
4515.png,11
4516.png,2
4517.png,16
4518.png,9
4519.png,10
4520.png,6
4521.png,8
4522.png,11
4523.png,14
4524.png,14
4525.png,1
4526.png,14
4527.png,7
4528.png,1
4529.png,16
4530.png,13
4531.png,10
4532.png,12
4533.png,7
4534.png,13
4535.png,8
4536.png,9
4537.png,10
4538.png,12
4539.png,3
4540.png,6
4541.png,16
4542.png,1
4543.png,2
4544.png,7
4545.png,2
4546.png,9
4547.png,16
4548.png,9
4549.png,3
4550.png,7
4551.png,13
4552.png,8
4553.png,10
4554.png,4
4555.png,15
4556.png,14
4557.png,12
4558.png,4
4559.png,15
4560.png,15
4561.png,10
4562.png,7
4563.png,3
4564.png,11
4565.png,8
4566.png,2
4567.png,16
4568.png,4
4569.png,15
4570.png,13
4571.png,16
4572.png,14
4573.png,5
4574.png,2
4575.png,11
4576.png,8
4577.png,3
4578.png,12
4579.png,10
4580.png,12
4581.png,13
4582.png,4
4583.png,1
4584.png,16
4585.png,1
4586.png,4
4587.png,5
4588.png,8
4589.png,10
4590.png,12
4591.png,9
4592.png,8
4593.png,13
4594.png,7
4595.png,9
4596.png,16
4597.png,12
4598.png,16
4599.png,1
4600.png,6
4601.png,10
4602.png,9
4603.png,5
4604.png,13
4605.png,7
4606.png,14
4607.png,7
4608.png,4
4609.png,1
4610.png,15
4611.png,14
4612.png,1
4613.png,4
4614.png,9
4615.png,3
4616.png,11
4617.png,13
4618.png,2
4619.png,5
4620.png,5
4621.png,15
4622.png,5
4623.png,4
4624.png,2
4625.png,11
4626.png,13
4627.png,9
4628.png,3
4629.png,1
4630.png,4
4631.png,7
4632.png,12
4633.png,10
4634.png,12
4635.png,10
4636.png,6
4637.png,4
4638.png,1
4639.png,6
4640.png,16
4641.png,9
4642.png,12
4643.png,7
4644.png,13
4645.png,8
4646.png,7
4647.png,13
4648.png,8
4649.png,9
4650.png,6
4651.png,16
4652.png,2
4653.png,1
4654.png,4
4655.png,15
4656.png,14
4657.png,11
4658.png,3
4659.png,4
4660.png,1
4661.png,5
4662.png,7
4663.png,15
4664.png,5
4665.png,2
4666.png,13
4667.png,11
4668.png,3
4669.png,9
4670.png,3
4671.png,9
4672.png,13
4673.png,11
4674.png,2
4675.png,5
4676.png,11
4677.png,13
4678.png,9
4679.png,3
4680.png,5
4681.png,2
4682.png,2
4683.png,5
4684.png,9
4685.png,3
4686.png,11
4687.png,13
4688.png,3
4689.png,11
4690.png,13
4691.png,6
4692.png,5
4693.png,1
4694.png,4
4695.png,14
4696.png,15
4697.png,4
4698.png,1
4699.png,2
4700.png,9
4701.png,8
4702.png,13
4703.png,7
4704.png,16
4705.png,6
4706.png,16
4707.png,6
4708.png,8
4709.png,13
4710.png,7
4711.png,12
4712.png,9
4713.png,10
4714.png,12
4715.png,1
4716.png,4
4717.png,6
4718.png,4
4719.png,1
4720.png,10
4721.png,12
4722.png,7
4723.png,2
4724.png,4
4725.png,5
4726.png,15
4727.png,3
4728.png,9
4729.png,13
4730.png,11
4731.png,13
4732.png,11
4733.png,3
4734.png,9
4735.png,5
4736.png,15
4737.png,2
4738.png,4
4739.png,1
4740.png,14
4741.png,15
4742.png,1
4743.png,4
4744.png,10
4745.png,15
4746.png,6
4747.png,1
4748.png,16
4749.png,7
4750.png,13
4751.png,8
4752.png,9
4753.png,10
4754.png,9
4755.png,7
4756.png,13
4757.png,8
4758.png,12
4759.png,16
4760.png,5
4761.png,4
4762.png,1
4763.png,9
4764.png,12
4765.png,10
4766.png,8
4767.png,13
4768.png,12
4769.png,10
4770.png,16
4771.png,1
4772.png,4
4773.png,2
4774.png,5
4775.png,14
4776.png,16
4777.png,12
4778.png,3
4779.png,8
4780.png,11
4781.png,8
4782.png,11
4783.png,3
4784.png,1
4785.png,15
4786.png,4
4787.png,16
4788.png,2
4789.png,6
4790.png,14
4791.png,4
4792.png,7
4793.png,10
4794.png,10
4795.png,12
4796.png,14
4797.png,15
4798.png,4
4799.png,16
4800.png,12
4801.png,2
4802.png,8
4803.png,13
4804.png,7
4805.png,3
4806.png,9
4807.png,3
4808.png,10
4809.png,9
4810.png,8
4811.png,13
4812.png,7
4813.png,2
4814.png,1
4815.png,16
4816.png,12
4817.png,16
4818.png,1
4819.png,4
4820.png,14
4821.png,6
4822.png,10
4823.png,13
4824.png,11
4825.png,8
4826.png,12
4827.png,10
4828.png,9
4829.png,1
4830.png,14
4831.png,15
4832.png,11
4833.png,8
4834.png,3
4835.png,16
4836.png,5
4837.png,2
4838.png,2
4839.png,16
4840.png,5
4841.png,3
4842.png,11
4843.png,8
4844.png,10
4845.png,2
4846.png,4
4847.png,14
4848.png,15
4849.png,4
4850.png,15
4851.png,14
4852.png,5
4853.png,11
4854.png,3
4855.png,10
4856.png,9
4857.png,12
4858.png,3
4859.png,7
4860.png,13
4861.png,8
4862.png,2
4863.png,6
4864.png,16
4865.png,6
4866.png,16
4867.png,2
4868.png,7
4869.png,13
4870.png,8
4871.png,9
4872.png,3
4873.png,7
4874.png,10
4875.png,6
4876.png,14
4877.png,15
4878.png,1
4879.png,15
4880.png,7
4881.png,9
4882.png,1
4883.png,6
4884.png,12
4885.png,1
4886.png,16
4887.png,15
4888.png,14
4889.png,10
4890.png,6
4891.png,13
4892.png,8
4893.png,11
4894.png,10
4895.png,12
4896.png,9
4897.png,1
4898.png,7
4899.png,15
4900.png,16
4901.png,6
4902.png,2
4903.png,8
4904.png,13
4905.png,7
4906.png,3
4907.png,9
4908.png,3
4909.png,10
4910.png,9
4911.png,8
4912.png,13
4913.png,7
4914.png,2
4915.png,16
4916.png,1
4917.png,6
4918.png,15
4919.png,14
4920.png,4
4921.png,7
4922.png,10
4923.png,10
4924.png,14
4925.png,15
4926.png,6
4927.png,4
4928.png,2
4929.png,14
4930.png,5
4931.png,16
4932.png,6
4933.png,3
4934.png,11
4935.png,8
4936.png,11
4937.png,8
4938.png,3
4939.png,5
4940.png,12
4941.png,16
4942.png,4
4943.png,1
4944.png,7
4945.png,12
4946.png,10
4947.png,3
4948.png,7
4949.png,1
4950.png,9
4951.png,15
4952.png,14
4953.png,1
4954.png,12
4955.png,10
4956.png,9
4957.png,9
4958.png,3
4959.png,7
4960.png,13
4961.png,8
4962.png,2
4963.png,6
4964.png,16
4965.png,6
4966.png,16
4967.png,2
4968.png,7
4969.png,13
4970.png,8
4971.png,9
4972.png,3
4973.png,10
4974.png,2
4975.png,4
4976.png,14
4977.png,14
4978.png,4
4979.png,15
4980.png,5
4981.png,14
4982.png,11
4983.png,3
4984.png,10
4985.png,4
4986.png,11
4987.png,3
4988.png,16
4989.png,5
4990.png,2
4991.png,2
4992.png,16
4993.png,5
4994.png,3
4995.png,8
4996.png,11
4997.png,10
4998.png,1
4999.png,4
5000.png,6
5001.png,4
5002.png,1
5003.png,12
5004.png,10
5005.png,7
5006.png,9
5007.png,8
5008.png,13
5009.png,7
5010.png,16
5011.png,6
5012.png,16
5013.png,12
5014.png,8
5015.png,13
5016.png,7
5017.png,6
5018.png,9
5019.png,3
5020.png,11
5021.png,13
5022.png,5
5023.png,14
5024.png,1
5025.png,4
5026.png,14
5027.png,7
5028.png,4
5029.png,1
5030.png,2
5031.png,11
5032.png,13
5033.png,9
5034.png,3
5035.png,5
5036.png,2
5037.png,2
5038.png,3
5039.png,9
5040.png,3
5041.png,11
5042.png,13
5043.png,5
5044.png,4
5045.png,1
5046.png,9
5047.png,10
5048.png,12
5049.png,8
5050.png,13
5051.png,10
5052.png,12
5053.png,1
5054.png,4
5055.png,16
5056.png,6
5057.png,16
5058.png,1
5059.png,7
5060.png,13
5061.png,8
5062.png,9
5063.png,10
5064.png,6
5065.png,7
5066.png,13
5067.png,8
5068.png,6
5069.png,16
5070.png,4
5071.png,1
5072.png,7
5073.png,15
5074.png,1
5075.png,4
5076.png,15
5077.png,14
5078.png,2
5079.png,4
5080.png,5
5081.png,15
5082.png,3
5083.png,9
5084.png,13
5085.png,11
5086.png,13
5087.png,11
5088.png,3
5089.png,9
5090.png,14
5091.png,5
5092.png,2
5093.png,9
5094.png,3
5095.png,11
5096.png,13
5097.png,2
5098.png,5
5099.png,14
5100.png,6
5101.png,5
5102.png,4
5103.png,2
5104.png,11
5105.png,13
5106.png,6
5107.png,3
5108.png,14
5109.png,15
5110.png,4
5111.png,1
5112.png,15
5113.png,7
5114.png,1
5115.png,4
5116.png,8
5117.png,13
5118.png,7
5119.png,9
5120.png,16
5121.png,6
5122.png,1
5123.png,16
5124.png,6
5125.png,10
5126.png,9
5127.png,8
5128.png,13
5129.png,7
5130.png,6
5131.png,10
5132.png,13
5133.png,16
5134.png,4
5135.png,1
5136.png,1
5137.png,4
5138.png,5
5139.png,8
5140.png,12
5141.png,10
5142.png,9
5143.png,5
5144.png,2
5145.png,13
5146.png,11
5147.png,3
5148.png,9
5149.png,3
5150.png,9
5151.png,13
5152.png,11
5153.png,2
5154.png,5
5155.png,2
5156.png,1
5157.png,4
5158.png,15
5159.png,14
5160.png,11
5161.png,3
5162.png,4
5163.png,1
5164.png,14
5165.png,5
5166.png,13
5167.png,12
5168.png,16
5169.png,9
5170.png,12
5171.png,7
5172.png,13
5173.png,8
5174.png,7
5175.png,13
5176.png,8
5177.png,9
5178.png,6
5179.png,16
5180.png,1
5181.png,4
5182.png,7
5183.png,10
5184.png,12
5185.png,6
5186.png,12
5187.png,6
5188.png,4
5189.png,1
5190.png,5
5191.png,16
5192.png,2
5193.png,11
5194.png,8
5195.png,3
5196.png,3
5197.png,11
5198.png,8
5199.png,2
5200.png,5
5201.png,16
5202.png,14
5203.png,5
5204.png,15
5205.png,4
5206.png,10
5207.png,3
5208.png,11
5209.png,10
5210.png,6
5211.png,14
5212.png,4
5213.png,2
5214.png,2
5215.png,16
5216.png,12
5217.png,3
5218.png,9
5219.png,8
5220.png,13
5221.png,7
5222.png,8
5223.png,13
5224.png,7
5225.png,3
5226.png,12
5227.png,9
5228.png,16
5229.png,12
5230.png,2
5231.png,1
5232.png,14
5233.png,15
5234.png,12
5235.png,10
5236.png,6
5237.png,10
5238.png,12
5239.png,7
5240.png,1
5241.png,4
5242.png,14
5243.png,3
5244.png,8
5245.png,11
5246.png,1
5247.png,4
5248.png,16
5249.png,10
5250.png,5
5251.png,16
5252.png,5
5253.png,14
5254.png,2
5255.png,8
5256.png,11
5257.png,3
5258.png,12
5259.png,10
5260.png,4
5261.png,6
5262.png,15
5263.png,14
5264.png,4
5265.png,14
5266.png,15
5267.png,10
5268.png,7
5269.png,7
5270.png,13
5271.png,8
5272.png,9
5273.png,10
5274.png,3
5275.png,6
5276.png,1
5277.png,16
5278.png,2
5279.png,2
5280.png,6
5281.png,16
5282.png,9
5283.png,3
5284.png,7
5285.png,13
5286.png,8
5287.png,9
5288.png,6
5289.png,10
5290.png,11
5291.png,8
5292.png,15
5293.png,10
5294.png,1
5295.png,5
5296.png,15
5297.png,16
5298.png,1
5299.png,13
5300.png,12
5301.png,10
5302.png,13
5303.png,8
5304.png,7
5305.png,3
5306.png,9
5307.png,10
5308.png,16
5309.png,1
5310.png,6
5311.png,2
5312.png,2
5313.png,16
5314.png,6
5315.png,3
5316.png,9
5317.png,13
5318.png,8
5319.png,7
5320.png,9
5321.png,10
5322.png,12
5323.png,8
5324.png,11
5325.png,1
5326.png,15
5327.png,14
5328.png,1
5329.png,16
5330.png,14
5331.png,7
5332.png,13
5333.png,10
5334.png,12
5335.png,3
5336.png,11
5337.png,8
5338.png,2
5339.png,15
5340.png,5
5341.png,16
5342.png,4
5343.png,5
5344.png,14
5345.png,16
5346.png,2
5347.png,11
5348.png,8
5349.png,12
5350.png,3
5351.png,6
5352.png,15
5353.png,14
5354.png,6
5355.png,4
5356.png,14
5357.png,10
5358.png,4
5359.png,10
5360.png,7
5361.png,2
5362.png,6
5363.png,16
5364.png,9
5365.png,3
5366.png,7
5367.png,8
5368.png,13
5369.png,7
5370.png,8
5371.png,13
5372.png,6
5373.png,9
5374.png,3
5375.png,6
5376.png,16
5377.png,2
5378.png,12
5379.png,7
5380.png,6
5381.png,1
5382.png,12
5383.png,10
5384.png,12
5385.png,10
5386.png,7
5387.png,15
5388.png,14
5389.png,1
5390.png,16
5391.png,5
5392.png,2
5393.png,8
5394.png,11
5395.png,3
5396.png,3
5397.png,8
5398.png,11
5399.png,2
5400.png,16
5401.png,5
5402.png,4
5403.png,6
5404.png,5
5405.png,14
5406.png,3
5407.png,10
5408.png,11
5409.png,10
5410.png,4
5411.png,15
5412.png,14
5413.png,2
5414.png,16
5415.png,6
5416.png,9
5417.png,12
5418.png,13
5419.png,3
5420.png,7
5421.png,13
5422.png,8
5423.png,7
5424.png,9
5425.png,16
5426.png,6
5427.png,1
5428.png,4
5429.png,7
5430.png,12
5431.png,10
5432.png,12
5433.png,10
5434.png,4
5435.png,1
5436.png,6
5437.png,5
5438.png,2
5439.png,13
5440.png,11
5441.png,9
5442.png,3
5443.png,9
5444.png,3
5445.png,13
5446.png,11
5447.png,2
5448.png,5
5449.png,2
5450.png,15
5451.png,14
5452.png,1
5453.png,4
5454.png,11
5455.png,3
5456.png,7
5457.png,5
5458.png,15
5459.png,4
5460.png,1
5461.png,7
5462.png,9
5463.png,13
5464.png,9
5465.png,6
5466.png,16
5467.png,6
5468.png,16
5469.png,1
5470.png,10
5471.png,9
5472.png,7
5473.png,8
5474.png,13
5475.png,10
5476.png,12
5477.png,13
5478.png,4
5479.png,1
5480.png,16
5481.png,5
5482.png,1
5483.png,4
5484.png,8
5485.png,10
5486.png,12
5487.png,9
5488.png,3
5489.png,9
5490.png,11
5491.png,13
5492.png,2
5493.png,5
5494.png,15
5495.png,4
5496.png,15
5497.png,5
5498.png,2
5499.png,11
5500.png,13
5501.png,3
5502.png,9
5503.png,4
5504.png,1
5505.png,14
5506.png,10
5507.png,1
5508.png,4
5509.png,15
5510.png,14
5511.png,14
5512.png,15
5513.png,4
5514.png,1
5515.png,7
5516.png,14
5517.png,1
5518.png,4
5519.png,2
5520.png,5
5521.png,15
5522.png,4
5523.png,9
5524.png,3
5525.png,13
5526.png,11
5527.png,13
5528.png,11
5529.png,9
5530.png,3
5531.png,6
5532.png,5
5533.png,2
5534.png,4
5535.png,1
5536.png,5
5537.png,9
5538.png,12
5539.png,10
5540.png,8
5541.png,13
5542.png,12
5543.png,10
5544.png,16
5545.png,1
5546.png,4
5547.png,1
5548.png,16
5549.png,6
5550.png,13
5551.png,8
5552.png,7
5553.png,9
5554.png,10
5555.png,9
5556.png,13
5557.png,8
5558.png,7
5559.png,16
5560.png,6
5561.png,3
5562.png,11
5563.png,1
5564.png,4
5565.png,15
5566.png,5
5567.png,15
5568.png,4
5569.png,1
5570.png,14
5571.png,15
5572.png,2
5573.png,11
5574.png,13
5575.png,3
5576.png,9
5577.png,5
5578.png,2
5579.png,2
5580.png,5
5581.png,3
5582.png,9
5583.png,11
5584.png,13
5585.png,10
5586.png,6
5587.png,12
5588.png,1
5589.png,4
5590.png,4
5591.png,1
5592.png,10
5593.png,12
5594.png,7
5595.png,9
5596.png,7
5597.png,8
5598.png,13
5599.png,9
5600.png,16
5601.png,9
5602.png,16
5603.png,7
5604.png,8
5605.png,13
5606.png,12
5607.png,9
5608.png,10
5609.png,2
5610.png,14
5611.png,15
5612.png,4
5613.png,14
5614.png,5
5615.png,9
5616.png,4
5617.png,11
5618.png,10
5619.png,3
5620.png,11
5621.png,13
5622.png,3
5623.png,5
5624.png,16
5625.png,2
5626.png,2
5627.png,5
5628.png,16
5629.png,3
5630.png,11
5631.png,8
5632.png,7
5633.png,10
5634.png,12
5635.png,1
5636.png,14
5637.png,15
5638.png,1
5639.png,3
5640.png,9
5641.png,12
5642.png,10
5643.png,12
5644.png,3
5645.png,9
5646.png,12
5647.png,13
5648.png,8
5649.png,7
5650.png,2
5651.png,16
5652.png,6
5653.png,16
5654.png,6
5655.png,2
5656.png,13
5657.png,8
5658.png,7
5659.png,3
5660.png,9
5661.png,4
5662.png,14
5663.png,15
5664.png,7
5665.png,10
5666.png,6
5667.png,4
5668.png,6
5669.png,14
5670.png,15
5671.png,2
5672.png,16
5673.png,10
5674.png,5
5675.png,3
5676.png,6
5677.png,8
5678.png,11
5679.png,8
5680.png,11
5681.png,3
5682.png,4
5683.png,16
5684.png,5
5685.png,15
5686.png,2
5687.png,10
5688.png,14
5689.png,16
5690.png,12
5691.png,1
5692.png,6
5693.png,10
5694.png,13
5695.png,11
5696.png,8
5697.png,6
5698.png,10
5699.png,9
5700.png,14
5701.png,15
5702.png,3
5703.png,6
5704.png,16
5705.png,2
5706.png,7
5707.png,8
5708.png,13
5709.png,9
5710.png,3
5711.png,10
5712.png,9
5713.png,3
5714.png,7
5715.png,8
5716.png,13
5717.png,2
5718.png,12
5719.png,1
5720.png,16
5721.png,3
5722.png,9
5723.png,12
5724.png,13
5725.png,8
5726.png,7
5727.png,2
5728.png,16
5729.png,6
5730.png,16
5731.png,6
5732.png,2
5733.png,13
5734.png,8
5735.png,7
5736.png,3
5737.png,9
5738.png,7
5739.png,6
5740.png,10
5741.png,1
5742.png,15
5743.png,16
5744.png,1
5745.png,6
5746.png,13
5747.png,14
5748.png,12
5749.png,10
5750.png,4
5751.png,11
5752.png,3
5753.png,5
5754.png,16
5755.png,2
5756.png,2
5757.png,5
5758.png,16
5759.png,3
5760.png,8
5761.png,11
5762.png,10
5763.png,1
5764.png,14
5765.png,15
5766.png,4
5767.png,15
5768.png,14
5769.png,5
5770.png,4
5771.png,11
5772.png,10
5773.png,3
5774.png,12
5775.png,16
5776.png,2
5777.png,7
5778.png,8
5779.png,13
5780.png,9
5781.png,3
5782.png,10
5783.png,3
5784.png,3
5785.png,7
5786.png,8
5787.png,13
5788.png,2
5789.png,12
5790.png,16
5791.png,1
5792.png,15
5793.png,14
5794.png,1
5795.png,16
5796.png,10
5797.png,12
5798.png,13
5799.png,8
5800.png,11
5801.png,10
5802.png,12
5803.png,9
5804.png,7
5805.png,15
5806.png,1
5807.png,2
5808.png,16
5809.png,5
5810.png,14
5811.png,3
5812.png,12
5813.png,11
5814.png,8
5815.png,11
5816.png,8
5817.png,3
5818.png,16
5819.png,4
5820.png,5
5821.png,15
5822.png,2
5823.png,4
5824.png,15
5825.png,14
5826.png,7
5827.png,10
5828.png,10
5829.png,4
5830.png,6
5831.png,15
5832.png,12
5833.png,16
5834.png,1
5835.png,6
5836.png,13
5837.png,8
5838.png,7
5839.png,9
5840.png,10
5841.png,9
5842.png,13
5843.png,8
5844.png,15
5845.png,16
5846.png,6
5847.png,4
5848.png,1
5849.png,5
5850.png,9
5851.png,10
5852.png,12
5853.png,8
5854.png,13
5855.png,10
5856.png,12
5857.png,1
5858.png,4
5859.png,16
5860.png,2
5861.png,5
5862.png,13
5863.png,4
5864.png,9
5865.png,3
5866.png,13
5867.png,11
5868.png,13
5869.png,11
5870.png,9
5871.png,3
5872.png,5
5873.png,14
5874.png,2
5875.png,7
5876.png,10
5877.png,4
5878.png,1
5879.png,15
5880.png,14
5881.png,1
5882.png,4
5883.png,9
5884.png,7
5885.png,8
5886.png,13
5887.png,9
5888.png,16
5889.png,6
5890.png,16
5891.png,7
5892.png,8
5893.png,13
5894.png,6
5895.png,9
5896.png,12
5897.png,10
5898.png,9
5899.png,1
5900.png,4
5901.png,4
5902.png,1
5903.png,12
5904.png,10
5905.png,7
5906.png,11
5907.png,13
5908.png,3
5909.png,9
5910.png,5
5911.png,2
5912.png,2
5913.png,3
5914.png,3
5915.png,9
5916.png,11
5917.png,13
5918.png,3
5919.png,11
5920.png,1
5921.png,4
5922.png,15
5923.png,14
5924.png,5
5925.png,4
5926.png,1
5927.png,14
5928.png,10
5929.png,2
5930.png,2
5931.png,12
5932.png,14
5933.png,1
5934.png,4
5935.png,11
5936.png,3
5937.png,5
5938.png,14
5939.png,15
5940.png,4
5941.png,1
5942.png,5
5943.png,2
5944.png,13
5945.png,11
5946.png,9
5947.png,3
5948.png,9
5949.png,3
5950.png,13
5951.png,11
5952.png,2
5953.png,5
5954.png,1
5955.png,4
5956.png,7
5957.png,10
5958.png,12
5959.png,10
5960.png,12
5961.png,4
5962.png,1
5963.png,6
5964.png,16
5965.png,9
5966.png,12
5967.png,13
5968.png,8
5969.png,7
5970.png,13
5971.png,8
5972.png,9
5973.png,16
5974.png,9
5975.png,4
5976.png,1
5977.png,14
5978.png,15
5979.png,1
5980.png,4
5981.png,14
5982.png,10
5983.png,3
5984.png,9
5985.png,11
5986.png,13
5987.png,2
5988.png,14
5989.png,5
5990.png,4
5991.png,15
5992.png,5
5993.png,2
5994.png,11
5995.png,13
5996.png,5
5997.png,3
5998.png,9
5999.png,12
6000.png,10
6001.png,13
6002.png,16
6003.png,4
6004.png,1
6005.png,5
6006.png,1
6007.png,4
6008.png,8
6009.png,12
6010.png,10
6011.png,9
6012.png,7
6013.png,8
6014.png,13
6015.png,9
6016.png,9
6017.png,16
6018.png,6
6019.png,1
6020.png,16
6021.png,10
6022.png,9
6023.png,7
6024.png,8
6025.png,13
6026.png,10
6027.png,12
6028.png,15
6029.png,14
6030.png,4
6031.png,14
6032.png,15
6033.png,4
6034.png,10
6035.png,7
6036.png,3
6037.png,8
6038.png,11
6039.png,2
6040.png,15
6041.png,5
6042.png,4
6043.png,16
6044.png,14
6045.png,5
6046.png,16
6047.png,2
6048.png,8
6049.png,11
6050.png,12
6051.png,3
6052.png,9
6053.png,12
6054.png,10
6055.png,11
6056.png,8
6057.png,1
6058.png,15
6059.png,7
6060.png,16
6061.png,1
6062.png,14
6063.png,15
6064.png,13
6065.png,12
6066.png,10
6067.png,13
6068.png,8
6069.png,7
6070.png,3
6071.png,9
6072.png,10
6073.png,1
6074.png,16
6075.png,6
6076.png,2
6077.png,2
6078.png,16
6079.png,12
6080.png,3
6081.png,9
6082.png,13
6083.png,8
6084.png,7
6085.png,4
6086.png,5
6087.png,14
6088.png,15
6089.png,3
6090.png,10
6091.png,11
6092.png,10
6093.png,4
6094.png,14
6095.png,15
6096.png,2
6097.png,16
6098.png,5
6099.png,2
6100.png,11
6101.png,8
6102.png,3
6103.png,3
6104.png,11
6105.png,8
6106.png,5
6107.png,16
6108.png,5
6109.png,14
6110.png,15
6111.png,6
6112.png,1
6113.png,10
6114.png,12
6115.png,10
6116.png,6
6117.png,7
6118.png,7
6119.png,15
6120.png,1
6121.png,2
6122.png,6
6123.png,16
6124.png,9
6125.png,3
6126.png,7
6127.png,8
6128.png,13
6129.png,7
6130.png,8
6131.png,13
6132.png,12
6133.png,9
6134.png,3
6135.png,6
6136.png,16
6137.png,2
6138.png,10
6139.png,12
6140.png,9
6141.png,8
6142.png,1
6143.png,4
6144.png,5
6145.png,4
6146.png,1
6147.png,16
6148.png,13
6149.png,10
6150.png,6
6151.png,8
6152.png,13
6153.png,10
6154.png,10
6155.png,9
6156.png,16
6157.png,1
6158.png,6
6159.png,16
6160.png,6
6161.png,9
6162.png,8
6163.png,13
6164.png,7
6165.png,15
6166.png,14
6167.png,1
6168.png,4
6169.png,14
6170.png,15
6171.png,4
6172.png,1
6173.png,9
6174.png,3
6175.png,11
6176.png,13
6177.png,1
6178.png,15
6179.png,5
6180.png,4
6181.png,5
6182.png,14
6183.png,2
6184.png,11
6185.png,13
6186.png,9
6187.png,3
6188.png,9
6189.png,4
6190.png,1
6191.png,12
6192.png,10
6193.png,12
6194.png,10
6195.png,7
6196.png,1
6197.png,4
6198.png,6
6199.png,16
6200.png,9
6201.png,7
6202.png,13
6203.png,8
6204.png,7
6205.png,13
6206.png,8
6207.png,9
6208.png,12
6209.png,12
6210.png,16
6211.png,4
6212.png,14
6213.png,5
6214.png,15
6215.png,3
6216.png,11
6217.png,4
6218.png,6
6219.png,14
6220.png,2
6221.png,5
6222.png,2
6223.png,13
6224.png,11
6225.png,3
6226.png,9
6227.png,3
6228.png,9
6229.png,13
6230.png,11
6231.png,2
6232.png,3
6233.png,1
6234.png,15
6235.png,14
6236.png,7
6237.png,12
6238.png,10
6239.png,12
6240.png,10
6241.png,1
6242.png,6
6243.png,14
6244.png,15
6245.png,2
6246.png,16
6247.png,12
6248.png,3
6249.png,6
6250.png,9
6251.png,8
6252.png,13
6253.png,7
6254.png,8
6255.png,13
6256.png,7
6257.png,3
6258.png,9
6259.png,16
6260.png,6
6261.png,2
6262.png,2
6263.png,10
6264.png,14
6265.png,4
6266.png,16
6267.png,11
6268.png,10
6269.png,3
6270.png,14
6271.png,5
6272.png,14
6273.png,4
6274.png,6
6275.png,16
6276.png,2
6277.png,8
6278.png,11
6279.png,3
6280.png,3
6281.png,8
6282.png,11
6283.png,2
6284.png,5
6285.png,16
6286.png,10
6287.png,12
6288.png,13
6289.png,14
6290.png,15
6291.png,1
6292.png,16
6293.png,15
6294.png,14
6295.png,1
6296.png,8
6297.png,11
6298.png,9
6299.png,10
6300.png,12
6301.png,7
6302.png,13
6303.png,8
6304.png,6
6305.png,3
6306.png,6
6307.png,16
6308.png,2
6309.png,2
6310.png,12
6311.png,16
6312.png,1
6313.png,9
6314.png,10
6315.png,3
6316.png,7
6317.png,13
6318.png,8
6319.png,7
6320.png,10
6321.png,4
6322.png,14
6323.png,15
6324.png,4
6325.png,15
6326.png,14
6327.png,6
6328.png,10
6329.png,3
6330.png,6
6331.png,11
6332.png,8
6333.png,2
6334.png,16
6335.png,5
6336.png,14
6337.png,16
6338.png,4
6339.png,15
6340.png,5
6341.png,1
6342.png,11
6343.png,8
6344.png,3
6345.png,2
6346.png,5
6347.png,15
6348.png,4
6349.png,16
6350.png,3
6351.png,8
6352.png,11
6353.png,8
6354.png,11
6355.png,12
6356.png,3
6357.png,14
6358.png,5
6359.png,16
6360.png,2
6361.png,6
6362.png,10
6363.png,15
6364.png,4
6365.png,10
6366.png,10
6367.png,7
6368.png,15
6369.png,14
6370.png,4
6371.png,1
6372.png,16
6373.png,6
6374.png,5
6375.png,8
6376.png,13
6377.png,7
6378.png,3
6379.png,10
